market,time,coin_metrics_id,amount,price,database_time,side
coinbase-btc-usd-spot,2022-03-07T05:11:46.154158000Z,292410491,0.001,37870.96,2022-03-07T05:11:46.258403000Z,buy
coinbase-btc-usd-spot,2022-03-07T05:11:46.154158000Z,292410492,0.001,37870.97,2022-03-07T05:11:46.258403000Z,buy
coinbase-btc-usd-spot,2022-03-07T05:11:46.154158000Z,292410493,0.001,37870.99,2022-03-07T05:11:46.258403000Z,buy
coinbase-btc-usd-spot,2022-03-07T05:11:46.154158000Z,292410494,0.00069979,37871,2022-03-07T05:11:46.258403000Z,buy
coinbase-btc-usd-spot,2022-03-07T05:11:46.371688000Z,292410495,0.001,37870.99,2022-03-07T05:11:46.507747000Z,buy
coinbase-btc-usd-spot,2022-03-07T05:11:46.371688000Z,292410496,0.00030021,37871,2022-03-07T05:11:46.507747000Z,buy
coinbase-btc-usd-spot,2022-03-07T05:11:46.371688000Z,292410497,0.001,37871.01,2022-03-07T05:11:46.507747000Z,buy
coinbase-btc-usd-spot,2022-03-07T05:11:46.371688000Z,292410498,0.00022386,37871.09,2022-03-07T05:11:46.507747000Z,buy
coinbase-btc-usd-spot,2022-03-07T05:11:46.682236000Z,292410499,0.0011302,37869.88,2022-03-07T05:11:46.758156000Z,buy
coinbase-btc-usd-spot,2022-03-07T05:11:47.054654000Z,292410500,0.002039,37867.77,2022-03-07T05:11:47.140947000Z,sell
coinbase-btc-usd-spot,2022-03-07T05:11:47.814887000Z,292410501,0.00185498,37867.87,2022-03-07T05:11:47.891180000Z,sell
coinbase-btc-usd-spot,2022-03-07T05:11:47.917827000Z,292410502,0.00129849,37866.72,2022-03-07T05:11:48.008890000Z,sell
coinbase-btc-usd-spot,2022-03-07T05:11:47.917827000Z,292410503,0.00548925,37866.71,2022-03-07T05:11:48.008890000Z,sell
coinbase-btc-usd-spot,2022-03-07T05:11:48.235357000Z,292410504,0.001,37860.12,2022-03-07T05:11:48.394336000Z,sell
coinbase-btc-usd-spot,2022-03-07T05:11:48.246210000Z,292410505,0.00260414,37860.1,2022-03-07T05:11:48.394336000Z,sell
coinbase-btc-usd-spot,2022-03-07T05:11:48.246210000Z,292410506,0.001,37860.1,2022-03-07T05:11:48.394336000Z,sell
coinbase-btc-usd-spot,2022-03-07T05:11:48.246210000Z,292410507,0.00260414,37860.04,2022-03-07T05:11:48.394336000Z,sell
coinbase-btc-usd-spot,2022-03-07T05:11:48.246210000Z,292410508,0.00260414,37860.03,2022-03-07T05:11:48.394336000Z,sell
coinbase-btc-usd-spot,2022-03-07T05:11:48.246210000Z,292410509,0.00260414,37860.01,2022-03-07T05:11:48.394336000Z,sell
coinbase-btc-usd-spot,2022-03-07T05:11:48.246210000Z,292410510,0.00262625,37860,2022-03-07T05:11:48.394336000Z,sell
coinbase-btc-usd-spot,2022-03-07T05:11:48.246210000Z,292410511,0.02128227,37858.57,2022-03-07T05:11:48.394336000Z,sell
coinbase-btc-usd-spot,2022-03-07T05:11:48.246210000Z,292410512,0.00196947,37858.2,2022-03-07T05:11:48.394336000Z,sell
coinbase-btc-usd-spot,2022-03-07T05:11:48.246210000Z,292410513,0.00797477,37858.14,2022-03-07T05:11:48.394336000Z,sell
coinbase-btc-usd-spot,2022-03-07T05:11:48.257789000Z,292410514,0.001,37860.11,2022-03-07T05:11:48.394336000Z,sell
coinbase-btc-usd-spot,2022-03-07T05:11:48.287782000Z,292410515,0.001,37860.12,2022-03-07T05:11:48.394336000Z,sell
coinbase-btc-usd-spot,2022-03-07T05:11:48.297927000Z,292410516,0.001,37858.58,2022-03-07T05:11:48.394336000Z,sell
coinbase-btc-usd-spot,2022-03-07T05:11:48.297927000Z,292410517,0.001,37857.61,2022-03-07T05:11:48.394336000Z,sell
coinbase-btc-usd-spot,2022-03-07T05:11:48.297927000Z,292410518,0.29247108,37857.6,2022-03-07T05:11:48.394336000Z,sell
coinbase-btc-usd-spot,2022-03-07T05:11:48.412502000Z,292410519,0.00398916,37855.54,2022-03-07T05:11:48.510231000Z,sell
coinbase-btc-usd-spot,2022-03-07T05:11:48.879315000Z,292410520,0.00342082,37857.23,2022-03-07T05:11:49.009274000Z,buy
coinbase-btc-usd-spot,2022-03-07T05:11:48.879315000Z,292410521,0.00342082,37857.24,2022-03-07T05:11:49.009274000Z,buy
coinbase-btc-usd-spot,2022-03-07T05:11:48.879315000Z,292410522,0.00199106,37857.25,2022-03-07T05:11:49.009274000Z,buy
coinbase-btc-usd-spot,2022-03-07T05:11:48.879315000Z,292410523,0.0041243,37857.26,2022-03-07T05:11:49.009274000Z,buy
coinbase-btc-usd-spot,2022-03-07T05:11:51.949313000Z,292410524,0.00130822,37854.91,2022-03-07T05:11:52.145620000Z,buy
coinbase-btc-usd-spot,2022-03-07T05:11:52.644651000Z,292410525,0.00139374,37854.87,2022-03-07T05:11:52.761918000Z,buy
coinbase-btc-usd-spot,2022-03-07T05:11:52.644651000Z,292410526,0.001,37854.88,2022-03-07T05:11:52.761918000Z,buy
coinbase-btc-usd-spot,2022-03-07T05:11:52.644651000Z,292410527,0.00013251,37854.89,2022-03-07T05:11:52.761918000Z,buy
coinbase-btc-usd-spot,2022-03-07T05:11:53.554872000Z,292410528,0.00102438,37854.54,2022-03-07T05:11:53.646188000Z,sell
coinbase-btc-usd-spot,2022-03-07T05:11:53.554872000Z,292410529,0.00883936,37854.53,2022-03-07T05:11:53.646188000Z,sell
coinbase-btc-usd-spot,2022-03-07T05:11:53.554872000Z,292410530,0.00102438,37854.5,2022-03-07T05:11:53.646188000Z,sell
coinbase-btc-usd-spot,2022-03-07T05:11:53.554872000Z,292410531,0.00102438,37854.4,2022-03-07T05:11:53.646188000Z,sell
coinbase-btc-usd-spot,2022-03-07T05:11:53.554872000Z,292410532,0.00072575,37854.29,2022-03-07T05:11:53.646188000Z,sell
coinbase-btc-usd-spot,2022-03-07T05:11:54.030162000Z,292410533,0.001,37854.75,2022-03-07T05:11:54.146971000Z,buy
coinbase-btc-usd-spot,2022-03-07T05:11:54.030162000Z,292410534,0.00031388,37854.76,2022-03-07T05:11:54.146971000Z,buy
coinbase-btc-usd-spot,2022-03-07T05:11:54.181020000Z,292410535,0.001,37855.87,2022-03-07T05:11:54.262606000Z,buy
coinbase-btc-usd-spot,2022-03-07T05:11:54.181020000Z,292410536,0.00089205,37857.51,2022-03-07T05:11:54.262606000Z,buy
coinbase-btc-usd-spot,2022-03-07T05:11:54.506469000Z,292410537,0.001,37857.48,2022-03-07T05:11:54.647509000Z,buy
coinbase-btc-usd-spot,2022-03-07T05:11:54.506469000Z,292410538,0.001,37857.49,2022-03-07T05:11:54.647509000Z,buy
coinbase-btc-usd-spot,2022-03-07T05:11:54.506469000Z,292410539,0.00071,37857.49,2022-03-07T05:11:54.647509000Z,buy
coinbase-btc-usd-spot,2022-03-07T05:11:54.506469000Z,292410540,0.001,37857.5,2022-03-07T05:11:54.647509000Z,buy
coinbase-btc-usd-spot,2022-03-07T05:11:54.506469000Z,292410541,0.1281071,37857.51,2022-03-07T05:11:54.647509000Z,buy
coinbase-btc-usd-spot,2022-03-07T05:11:54.506469000Z,292410542,0.001,37857.51,2022-03-07T05:11:54.647509000Z,buy
coinbase-btc-usd-spot,2022-03-07T05:11:54.506469000Z,292410543,0.05,37857.52,2022-03-07T05:11:54.647509000Z,buy
coinbase-btc-usd-spot,2022-03-07T05:11:54.506469000Z,292410544,0.061,37857.79,2022-03-07T05:11:54.647509000Z,buy
coinbase-btc-usd-spot,2022-03-07T05:11:54.506469000Z,292410545,0.01763449,37859.13,2022-03-07T05:11:54.647509000Z,buy
coinbase-btc-usd-spot,2022-03-07T05:11:54.506469000Z,292410546,0.04306662,37859.14,2022-03-07T05:11:54.647509000Z,buy
coinbase-btc-usd-spot,2022-03-07T05:11:54.613875000Z,292410547,0.00235806,37856.14,2022-03-07T05:11:54.762998000Z,sell
coinbase-btc-usd-spot,2022-03-07T05:11:54.772447000Z,292410548,0.001,37857.49,2022-03-07T05:11:54.897938000Z,buy
coinbase-btc-usd-spot,2022-03-07T05:11:54.772447000Z,292410549,0.00089225,37857.5,2022-03-07T05:11:54.897938000Z,buy
coinbase-btc-usd-spot,2022-03-07T05:11:54.908914000Z,292410550,0.01107851,37856.14,2022-03-07T05:11:55.012885000Z,sell
coinbase-btc-usd-spot,2022-03-07T05:11:54.908914000Z,292410551,0.00249988,37854.58,2022-03-07T05:11:55.012885000Z,sell
coinbase-btc-usd-spot,2022-03-07T05:11:55.020795000Z,292410552,0.00047321,37857.46,2022-03-07T05:11:55.147811000Z,buy
coinbase-btc-usd-spot,2022-03-07T05:11:55.676708000Z,292410553,0.00290534,37857.38,2022-03-07T05:11:55.763226000Z,buy
coinbase-btc-usd-spot,2022-03-07T05:11:56.187694000Z,292410554,0.00135291,37857.18,2022-03-07T05:11:56.263321000Z,buy
coinbase-btc-usd-spot,2022-03-07T05:11:56.474825000Z,292410555,0.00054465,37857.18,2022-03-07T05:11:56.648531000Z,buy
coinbase-btc-usd-spot,2022-03-07T05:11:56.474825000Z,292410556,0.0013296,37859.13,2022-03-07T05:11:56.648531000Z,buy
coinbase-btc-usd-spot,2022-03-07T05:11:58.093746000Z,292410557,0.00126145,37857.84,2022-03-07T05:11:58.264233000Z,buy
coinbase-btc-usd-spot,2022-03-07T05:11:58.369139000Z,292410558,0.00056965,37857.73,2022-03-07T05:11:58.514274000Z,buy
coinbase-btc-usd-spot,2022-03-07T05:11:59.953032000Z,292410559,0.001,37857.66,2022-03-07T05:12:00.150202000Z,buy
coinbase-btc-usd-spot,2022-03-07T05:11:59.953032000Z,292410560,0.00154893,37860.12,2022-03-07T05:12:00.150202000Z,buy
coinbase-btc-usd-spot,2022-03-07T05:12:00.179248000Z,292410561,0.00061772,37860.09,2022-03-07T05:12:00.265352000Z,buy
coinbase-btc-usd-spot,2022-03-07T05:12:00.897182000Z,292410562,0.00031202,37859.07,2022-03-07T05:12:01.015536000Z,sell
coinbase-btc-usd-spot,2022-03-07T05:12:01.520470000Z,292410563,0.00032437,37860.37,2022-03-07T05:12:01.651404000Z,buy
coinbase-btc-usd-spot,2022-03-07T05:12:02.620480000Z,292410564,0.00067563,37860.37,2022-03-07T05:12:02.766533000Z,buy
coinbase-btc-usd-spot,2022-03-07T05:12:02.620480000Z,292410565,0.00185194,37860.38,2022-03-07T05:12:02.766533000Z,buy
coinbase-btc-usd-spot,2022-03-07T05:12:03.831972000Z,292410566,0.00006284,37861.67,2022-03-07T05:12:03.902828000Z,buy
coinbase-btc-usd-spot,2022-03-07T05:12:04.633301000Z,292410567,0.00001721,37861.36,2022-03-07T05:12:04.767368000Z,buy
coinbase-btc-usd-spot,2022-03-07T05:12:05.147582000Z,292410568,0.00007896,37857.9,2022-03-07T05:12:05.267601000Z,sell
coinbase-btc-usd-spot,2022-03-07T05:12:05.179655000Z,292410569,0.00061784,37860.73,2022-03-07T05:12:05.267601000Z,buy
coinbase-btc-usd-spot,2022-03-07T05:12:05.958644000Z,292410570,0.00173909,37857.9,2022-03-07T05:12:06.153565000Z,sell
coinbase-btc-usd-spot,2022-03-07T05:12:07.005329000Z,292410571,0.0001054,37858.28,2022-03-07T05:12:07.154077000Z,buy
coinbase-btc-usd-spot,2022-03-07T05:12:07.896325000Z,292410572,0.00139328,37858.26,2022-03-07T05:12:08.019097000Z,buy
coinbase-btc-usd-spot,2022-03-07T05:12:08.064109000Z,292410573,0.00013181,37861.67,2022-03-07T05:12:08.154957000Z,buy
coinbase-btc-usd-spot,2022-03-07T05:12:08.067913000Z,292410574,0.00003647,37858.19,2022-03-07T05:12:08.154957000Z,sell
coinbase-btc-usd-spot,2022-03-07T05:12:08.127529000Z,292410575,0.00526163,37861.67,2022-03-07T05:12:08.269204000Z,buy
coinbase-btc-usd-spot,2022-03-07T05:12:08.861845000Z,292410576,0.00252741,37861.67,2022-03-07T05:12:09.019687000Z,buy
coinbase-btc-usd-spot,2022-03-07T05:12:10.199518000Z,292410577,0.03101631,37861.67,2022-03-07T05:12:10.270101000Z,buy
coinbase-btc-usd-spot,2022-03-07T05:12:10.199518000Z,292410578,0.01661363,37861.71,2022-03-07T05:12:10.270101000Z,buy
coinbase-btc-usd-spot,2022-03-07T05:12:10.641144000Z,292410579,0.00671293,37861.56,2022-03-07T05:12:10.770692000Z,buy
coinbase-btc-usd-spot,2022-03-07T05:12:10.641144000Z,292410580,0.02132669,37861.7,2022-03-07T05:12:10.770692000Z,buy
coinbase-btc-usd-spot,2022-03-07T05:12:11.745743000Z,292410581,0.00007529,37856.14,2022-03-07T05:12:11.907475000Z,sell
coinbase-btc-usd-spot,2022-03-07T05:12:11.915339000Z,292410582,0.00063781,37858.33,2022-03-07T05:12:12.021664000Z,buy
coinbase-btc-usd-spot,2022-03-07T05:12:12.072214000Z,292410583,0.00126187,37857.92,2022-03-07T05:12:12.157786000Z,buy
coinbase-btc-usd-spot,2022-03-07T05:12:13.773728000Z,292410584,0.0038105,37857.71,2022-03-07T05:12:13.908754000Z,buy
coinbase-btc-usd-spot,2022-03-07T05:12:13.773728000Z,292410585,0.02214293,37857.83,2022-03-07T05:12:13.908754000Z,buy
coinbase-btc-usd-spot,2022-03-07T05:12:13.773728000Z,292410586,0.03245073,37859.52,2022-03-07T05:12:13.908754000Z,buy
coinbase-btc-usd-spot,2022-03-07T05:12:13.773728000Z,292410587,0.00639241,37859.53,2022-03-07T05:12:13.908754000Z,buy
coinbase-btc-usd-spot,2022-03-07T05:12:14.265207000Z,292410588,0.00013171,37860.19,2022-03-07T05:12:14.408857000Z,buy
coinbase-btc-usd-spot,2022-03-07T05:12:14.686002000Z,292410589,0.0001054,37860.19,2022-03-07T05:12:14.772691000Z,buy
coinbase-btc-usd-spot,2022-03-07T05:12:15.846832000Z,292410590,0.00324479,37859.84,2022-03-07T05:12:15.916064000Z,sell
coinbase-btc-usd-spot,2022-03-07T05:12:16.683965000Z,292410591,0.00174185,37860.01,2022-03-07T05:12:16.774556000Z,sell
coinbase-btc-usd-spot,2022-03-07T05:12:16.683965000Z,292410592,0.003608,37859.96,2022-03-07T05:12:16.774556000Z,sell
coinbase-btc-usd-spot,2022-03-07T05:12:16.683965000Z,292410593,0.003608,37859.94,2022-03-07T05:12:16.774556000Z,sell
coinbase-btc-usd-spot,2022-03-07T05:12:16.683965000Z,292410594,0.003608,37859.91,2022-03-07T05:12:16.774556000Z,sell
coinbase-btc-usd-spot,2022-03-07T05:12:16.683965000Z,292410595,0.003608,37859.9,2022-03-07T05:12:16.774556000Z,sell
coinbase-btc-usd-spot,2022-03-07T05:12:16.683965000Z,292410596,0.03148629,37857.58,2022-03-07T05:12:16.774556000Z,sell
coinbase-btc-usd-spot,2022-03-07T05:12:16.683965000Z,292410597,0.057952,37857.57,2022-03-07T05:12:16.774556000Z,sell
coinbase-btc-usd-spot,2022-03-07T05:12:16.683965000Z,292410598,0.0151767,37857.22,2022-03-07T05:12:16.774556000Z,sell
coinbase-btc-usd-spot,2022-03-07T05:12:16.683965000Z,292410599,0.0151767,37856.59,2022-03-07T05:12:16.774556000Z,sell
coinbase-btc-usd-spot,2022-03-07T05:12:16.683965000Z,292410600,0.00425471,37856.14,2022-03-07T05:12:16.774556000Z,sell
coinbase-btc-usd-spot,2022-03-07T05:12:16.683965000Z,292410601,0.02,37854.91,2022-03-07T05:12:16.774556000Z,sell
coinbase-btc-usd-spot,2022-03-07T05:12:16.683965000Z,292410602,0.187386,37854.23,2022-03-07T05:12:16.774556000Z,sell
coinbase-btc-usd-spot,2022-03-07T05:12:16.683965000Z,292410603,0.0026,37852.37,2022-03-07T05:12:16.774556000Z,sell
coinbase-btc-usd-spot,2022-03-07T05:12:16.683965000Z,292410604,0.0005,37852.28,2022-03-07T05:12:16.774556000Z,sell
coinbase-btc-usd-spot,2022-03-07T05:12:16.683965000Z,292410605,0.0013,37851.4,2022-03-07T05:12:16.774556000Z,sell
coinbase-btc-usd-spot,2022-03-07T05:12:16.683965000Z,292410606,0.56,37850.67,2022-03-07T05:12:16.774556000Z,sell
coinbase-btc-usd-spot,2022-03-07T05:12:16.683965000Z,292410607,0.09847846,37850.66,2022-03-07T05:12:16.774556000Z,sell
coinbase-btc-usd-spot,2022-03-07T05:12:16.880726000Z,292410608,0.00631832,37860.12,2022-03-07T05:12:17.023833000Z,buy
coinbase-btc-usd-spot,2022-03-07T05:12:17.769052000Z,292410609,0.00254956,37860.75,2022-03-07T05:12:17.911168000Z,buy
coinbase-btc-usd-spot,2022-03-07T05:12:18.007916000Z,292410610,0.0025,37860.68,2022-03-07T05:12:18.161277000Z,buy
coinbase-btc-usd-spot,2022-03-07T05:12:18.247398000Z,292410611,0.00118163,37858.44,2022-03-07T05:12:18.411199000Z,sell
coinbase-btc-usd-spot,2022-03-07T05:12:20.417224000Z,292410612,0.00113519,37860.48,2022-03-07T05:12:20.526049000Z,buy
coinbase-btc-usd-spot,2022-03-07T05:12:20.417224000Z,292410613,0.00189759,37861.71,2022-03-07T05:12:20.526049000Z,buy
coinbase-btc-usd-spot,2022-03-07T05:12:20.593546000Z,292410614,0.00120537,37861.05,2022-03-07T05:12:20.662274000Z,sell
coinbase-btc-usd-spot,2022-03-07T05:12:20.593546000Z,292410615,0.00752395,37861.05,2022-03-07T05:12:20.662274000Z,sell
coinbase-btc-usd-spot,2022-03-07T05:12:20.593546000Z,292410616,0.00120537,37860.91,2022-03-07T05:12:20.662274000Z,sell
coinbase-btc-usd-spot,2022-03-07T05:12:20.593546000Z,292410617,0.00120537,37860.61,2022-03-07T05:12:20.662274000Z,sell
coinbase-btc-usd-spot,2022-03-07T05:12:20.593546000Z,292410618,0.057952,37856.85,2022-03-07T05:12:20.662274000Z,sell
coinbase-btc-usd-spot,2022-03-07T05:12:20.593546000Z,292410619,0.04,37855.85,2022-03-07T05:12:20.662274000Z,sell
coinbase-btc-usd-spot,2022-03-07T05:12:20.593546000Z,292410620,0.09090794,37855.84,2022-03-07T05:12:20.671437000Z,sell
coinbase-btc-usd-spot,2022-03-07T05:12:20.606913000Z,292410621,0.001,37861.68,2022-03-07T05:12:20.776351000Z,buy
coinbase-btc-usd-spot,2022-03-07T05:12:20.606913000Z,292410622,0.00195673,37861.68,2022-03-07T05:12:20.776351000Z,buy
coinbase-btc-usd-spot,2022-03-07T05:12:20.606913000Z,292410623,0.00195673,37861.69,2022-03-07T05:12:20.776351000Z,buy
coinbase-btc-usd-spot,2022-03-07T05:12:20.606913000Z,292410624,0.00195673,37861.7,2022-03-07T05:12:20.776351000Z,buy
coinbase-btc-usd-spot,2022-03-07T05:12:20.606913000Z,292410625,0.03414568,37861.71,2022-03-07T05:12:20.776351000Z,buy
coinbase-btc-usd-spot,2022-03-07T05:12:20.609196000Z,292410626,0.00295673,37861.71,2022-03-07T05:12:20.776351000Z,buy
coinbase-btc-usd-spot,2022-03-07T05:12:20.609196000Z,292410627,0.1740036,37862.32,2022-03-07T05:12:20.776351000Z,buy
coinbase-btc-usd-spot,2022-03-07T05:12:20.686984000Z,292410628,0.001,37861.67,2022-03-07T05:12:20.776351000Z,buy
coinbase-btc-usd-spot,2022-03-07T05:12:20.723474000Z,292410629,0.00157947,37861.68,2022-03-07T05:12:20.913857000Z,buy
coinbase-btc-usd-spot,2022-03-07T05:12:20.723474000Z,292410630,0.00157947,37861.69,2022-03-07T05:12:20.913857000Z,buy
coinbase-btc-usd-spot,2022-03-07T05:12:20.749748000Z,292410631,0.001,37861.68,2022-03-07T05:12:20.913857000Z,buy
coinbase-btc-usd-spot,2022-03-07T05:12:20.797531000Z,292410632,0.001,37862.3,2022-03-07T05:12:20.913857000Z,buy
coinbase-btc-usd-spot,2022-03-07T05:12:20.797531000Z,292410633,0.001,37862.31,2022-03-07T05:12:20.913857000Z,buy
coinbase-btc-usd-spot,2022-03-07T05:12:20.797531000Z,292410634,0.001,37863.82,2022-03-07T05:12:20.913857000Z,buy
coinbase-btc-usd-spot,2022-03-07T05:12:21.951946000Z,292410635,0.00048167,37873.2,2022-03-07T05:12:22.027631000Z,buy
coinbase-btc-usd-spot,2022-03-07T05:12:22.127142000Z,292410636,0.00051833,37873.2,2022-03-07T05:12:22.276867000Z,buy
coinbase-btc-usd-spot,2022-03-07T05:12:22.127142000Z,292410637,0.01242884,37875,2022-03-07T05:12:22.276867000Z,buy
coinbase-btc-usd-spot,2022-03-07T05:12:24.316013000Z,292410638,0.00051276,37873.74,2022-03-07T05:12:24.414557000Z,buy
coinbase-btc-usd-spot,2022-03-07T05:12:24.860075000Z,292410639,0.00330433,37871.63,2022-03-07T05:12:24.931807000Z,sell
coinbase-btc-usd-spot,2022-03-07T05:12:24.860075000Z,292410640,0.00330433,37871.62,2022-03-07T05:12:24.931807000Z,sell
coinbase-btc-usd-spot,2022-03-07T05:12:24.860075000Z,292410641,0.02452755,37869.29,2022-03-07T05:12:24.931807000Z,sell
coinbase-btc-usd-spot,2022-03-07T05:12:24.860075000Z,292410642,0.00943802,37869.28,2022-03-07T05:12:24.931807000Z,sell
coinbase-btc-usd-spot,2022-03-07T05:12:24.860075000Z,292410643,0.04626725,37868.85,2022-03-07T05:12:24.931807000Z,sell
coinbase-btc-usd-spot,2022-03-07T05:12:25.662698000Z,292410644,0.00254957,37872.16,2022-03-07T05:12:25.779273000Z,buy
coinbase-btc-usd-spot,2022-03-07T05:12:26.692162000Z,292410645,0.00072887,37872.16,2022-03-07T05:12:26.779205000Z,buy
coinbase-btc-usd-spot,2022-03-07T05:12:27.120822000Z,292410646,0.00482459,37872.04,2022-03-07T05:12:27.280034000Z,buy
coinbase-btc-usd-spot,2022-03-07T05:12:27.120822000Z,292410647,0.00043168,37872.07,2022-03-07T05:12:27.280034000Z,buy
coinbase-btc-usd-spot,2022-03-07T05:12:27.271903000Z,292410648,0.00098911,37872.03,2022-03-07T05:12:27.418076000Z,buy
coinbase-btc-usd-spot,2022-03-07T05:12:28.147450000Z,292410649,0.001,37874.98,2022-03-07T05:12:28.279884000Z,buy
coinbase-btc-usd-spot,2022-03-07T05:12:28.147450000Z,292410650,0.001,37874.99,2022-03-07T05:12:28.279884000Z,buy
coinbase-btc-usd-spot,2022-03-07T05:12:28.147450000Z,292410651,0.03757116,37875,2022-03-07T05:12:28.279884000Z,buy
coinbase-btc-usd-spot,2022-03-07T05:12:28.210298000Z,292410652,0.001,37875.93,2022-03-07T05:12:28.279884000Z,buy
coinbase-btc-usd-spot,2022-03-07T05:12:28.592558000Z,292410653,0.0002368,37879.48,2022-03-07T05:12:28.669597000Z,buy
coinbase-btc-usd-spot,2022-03-07T05:12:28.601026000Z,292410654,0.00166821,37878.83,2022-03-07T05:12:28.669597000Z,sell
coinbase-btc-usd-spot,2022-03-07T05:12:28.601026000Z,292410655,0.00485113,37878.82,2022-03-07T05:12:28.669597000Z,sell
coinbase-btc-usd-spot,2022-03-07T05:12:28.601026000Z,292410656,0.00316076,37878.73,2022-03-07T05:12:28.669597000Z,sell
coinbase-btc-usd-spot,2022-03-07T05:12:28.601026000Z,292410657,0.02223524,37878.06,2022-03-07T05:12:28.669597000Z,sell
coinbase-btc-usd-spot,2022-03-07T05:12:28.601026000Z,292410658,0.00967434,37878.05,2022-03-07T05:12:28.669597000Z,sell
coinbase-btc-usd-spot,2022-03-07T05:12:28.601026000Z,292410659,0.00807994,37876.91,2022-03-07T05:12:28.669597000Z,sell
coinbase-btc-usd-spot,2022-03-07T05:12:28.601026000Z,292410660,0.00555662,37875.94,2022-03-07T05:12:28.669597000Z,sell
coinbase-btc-usd-spot,2022-03-07T05:12:28.601026000Z,292410661,0.00205123,37875.93,2022-03-07T05:12:28.669597000Z,sell
coinbase-btc-usd-spot,2022-03-07T05:12:28.601026000Z,292410662,0.00828092,37875.92,2022-03-07T05:12:28.669597000Z,sell
coinbase-btc-usd-spot,2022-03-07T05:12:28.601026000Z,292410663,0.018776,37875.92,2022-03-07T05:12:28.690005000Z,sell
coinbase-btc-usd-spot,2022-03-07T05:12:28.601026000Z,292410664,0.00205123,37875.92,2022-03-07T05:12:28.690005000Z,sell
coinbase-btc-usd-spot,2022-03-07T05:12:28.601026000Z,292410665,0.00866101,37875.01,2022-03-07T05:12:28.690005000Z,sell
coinbase-btc-usd-spot,2022-03-07T05:12:28.601026000Z,292410666,0.00205123,37875,2022-03-07T05:12:28.690005000Z,sell
coinbase-btc-usd-spot,2022-03-07T05:12:28.601026000Z,292410667,0.01017395,37874.99,2022-03-07T05:12:28.690005000Z,sell
coinbase-btc-usd-spot,2022-03-07T05:12:29.567920000Z,292410668,0.001,37877.68,2022-03-07T05:12:29.669134000Z,buy
coinbase-btc-usd-spot,2022-03-07T05:12:29.567920000Z,292410669,0.01194614,37879.88,2022-03-07T05:12:29.669134000Z,buy
coinbase-btc-usd-spot,2022-03-07T05:12:29.610322000Z,292410670,0.001,37873.82,2022-03-07T05:12:29.691610000Z,sell
coinbase-btc-usd-spot,2022-03-07T05:12:29.610322000Z,292410671,0.00116775,37873.82,2022-03-07T05:12:29.691610000Z,sell
coinbase-btc-usd-spot,2022-03-07T05:12:29.610322000Z,292410672,0.057952,37873.13,2022-03-07T05:12:29.691610000Z,sell
coinbase-btc-usd-spot,2022-03-07T05:12:29.610322000Z,292410673,0.08771982,37872.84,2022-03-07T05:12:29.691610000Z,sell
coinbase-btc-usd-spot,2022-03-07T05:12:29.979086000Z,292410674,0.00099858,37878.26,2022-03-07T05:12:30.169387000Z,buy
coinbase-btc-usd-spot,2022-03-07T05:12:30.048372000Z,292410675,0.00126177,37878.25,2022-03-07T05:12:30.169387000Z,buy
coinbase-btc-usd-spot,2022-03-07T05:12:30.197831000Z,292410676,0.0000264,37878.25,2022-03-07T05:12:30.280945000Z,buy
coinbase-btc-usd-spot,2022-03-07T05:12:30.201646000Z,292410677,0.0000264,37878.25,2022-03-07T05:12:30.280945000Z,buy
coinbase-btc-usd-spot,2022-03-07T05:12:30.259580000Z,292410678,0.00134838,37878.25,2022-03-07T05:12:30.419611000Z,buy
coinbase-btc-usd-spot,2022-03-07T05:12:30.259580000Z,292410679,0.001,37878.25,2022-03-07T05:12:30.419611000Z,buy
coinbase-btc-usd-spot,2022-03-07T05:12:30.259580000Z,292410680,0.00251868,37878.25,2022-03-07T05:12:30.419611000Z,buy
coinbase-btc-usd-spot,2022-03-07T05:12:30.259580000Z,292410681,0.00029642,37878.25,2022-03-07T05:12:30.419611000Z,buy
coinbase-btc-usd-spot,2022-03-07T05:12:30.259580000Z,292410682,0.04667155,37879.58,2022-03-07T05:12:30.419611000Z,buy
coinbase-btc-usd-spot,2022-03-07T05:12:31.700250000Z,292410683,0.001,37878.14,2022-03-07T05:12:31.781752000Z,buy
coinbase-btc-usd-spot,2022-03-07T05:12:31.700250000Z,292410684,0.00089693,37878.14,2022-03-07T05:12:31.781752000Z,buy
coinbase-btc-usd-spot,2022-03-07T05:12:31.700250000Z,292410685,0.02305196,37878.15,2022-03-07T05:12:31.781752000Z,buy
coinbase-btc-usd-spot,2022-03-07T05:12:31.700250000Z,292410686,0.05331032,37878.15,2022-03-07T05:12:31.781752000Z,buy
coinbase-btc-usd-spot,2022-03-07T05:12:32.675286000Z,292410687,0.00126177,37880.07,2022-03-07T05:12:32.781860000Z,buy
coinbase-btc-usd-spot,2022-03-07T05:12:33.376762000Z,292410688,0.00171743,37875.15,2022-03-07T05:12:33.446427000Z,sell
coinbase-btc-usd-spot,2022-03-07T05:12:33.376762000Z,292410689,0.00043657,37875.14,2022-03-07T05:12:33.446427000Z,sell
coinbase-btc-usd-spot,2022-03-07T05:12:34.463442000Z,292410690,0.0012613,37877.86,2022-03-07T05:12:34.532859000Z,buy
coinbase-btc-usd-spot,2022-03-07T05:12:35.303033000Z,292410691,0.001,37877.46,2022-03-07T05:12:35.421958000Z,buy
coinbase-btc-usd-spot,2022-03-07T05:12:35.303033000Z,292410692,0.00172383,37877.47,2022-03-07T05:12:35.421958000Z,buy
coinbase-btc-usd-spot,2022-03-07T05:12:35.303033000Z,292410693,0.00172383,37877.48,2022-03-07T05:12:35.421958000Z,buy
coinbase-btc-usd-spot,2022-03-07T05:12:35.303033000Z,292410694,0.00172383,37877.49,2022-03-07T05:12:35.421958000Z,buy
coinbase-btc-usd-spot,2022-03-07T05:12:35.303033000Z,292410695,0.001,37877.5,2022-03-07T05:12:35.421958000Z,buy
coinbase-btc-usd-spot,2022-03-07T05:12:35.303033000Z,292410696,0.00089823,37877.73,2022-03-07T05:12:35.421958000Z,buy
coinbase-btc-usd-spot,2022-03-07T05:12:35.303033000Z,292410697,0.00172383,37877.79,2022-03-07T05:12:35.421958000Z,buy
coinbase-btc-usd-spot,2022-03-07T05:12:35.303033000Z,292410698,0.01152598,37877.79,2022-03-07T05:12:35.421958000Z,buy
coinbase-btc-usd-spot,2022-03-07T05:12:35.303033000Z,292410699,0.001,37877.8,2022-03-07T05:12:35.421958000Z,buy
coinbase-btc-usd-spot,2022-03-07T05:12:35.303033000Z,292410700,0.01152598,37877.83,2022-03-07T05:12:35.421958000Z,buy
coinbase-btc-usd-spot,2022-03-07T05:12:35.668997000Z,292410701,0.00373187,37879,2022-03-07T05:12:35.783298000Z,buy
coinbase-btc-usd-spot,2022-03-07T05:12:35.856664000Z,292410702,0.00252721,37879.46,2022-03-07T05:12:35.922268000Z,buy
coinbase-btc-usd-spot,2022-03-07T05:12:36.369277000Z,292410703,0.00073586,37879.79,2022-03-07T05:12:36.450854000Z,buy
coinbase-btc-usd-spot,2022-03-07T05:12:36.397399000Z,292410704,0.00026414,37879.79,2022-03-07T05:12:36.534550000Z,buy
coinbase-btc-usd-spot,2022-03-07T05:12:36.397399000Z,292410705,0.001,37879.8,2022-03-07T05:12:36.534550000Z,buy
coinbase-btc-usd-spot,2022-03-07T05:12:36.397399000Z,292410706,0.001,37879.81,2022-03-07T05:12:36.534550000Z,buy
coinbase-btc-usd-spot,2022-03-07T05:12:36.397399000Z,292410707,0.02299911,37879.82,2022-03-07T05:12:36.534550000Z,buy
coinbase-btc-usd-spot,2022-03-07T05:12:36.406522000Z,292410708,0.00290646,37879.82,2022-03-07T05:12:36.534550000Z,buy
coinbase-btc-usd-spot,2022-03-07T05:12:37.461849000Z,292410709,0.0004863,37879.94,2022-03-07T05:12:37.534686000Z,buy
coinbase-btc-usd-spot,2022-03-07T05:12:39.605683000Z,292410710,0.00517588,37880.07,2022-03-07T05:12:39.674683000Z,buy
coinbase-btc-usd-spot,2022-03-07T05:12:39.683142000Z,292410711,0.03156,37880.07,2022-03-07T05:12:39.785916000Z,buy
coinbase-btc-usd-spot,2022-03-07T05:12:39.683231000Z,292410712,0.00000235,37880.07,2022-03-07T05:12:39.785916000Z,buy
coinbase-btc-usd-spot,2022-03-07T05:12:42.234200000Z,292410713,0.00524778,37884.01,2022-03-07T05:12:42.426421000Z,buy
coinbase-btc-usd-spot,2022-03-07T05:12:44.778742000Z,292410714,0.01516,37880.32,2022-03-07T05:12:44.928589000Z,sell
coinbase-btc-usd-spot,2022-03-07T05:12:45.084940000Z,292410715,0.00000106,37880.32,2022-03-07T05:12:45.179072000Z,sell
coinbase-btc-usd-spot,2022-03-07T05:12:45.133680000Z,292410716,0.21125584,37875.78,2022-03-07T05:12:45.288548000Z,sell
coinbase-btc-usd-spot,2022-03-07T05:12:45.240001000Z,292410717,0.00002643,37871.86,2022-03-07T05:12:45.429351000Z,sell
coinbase-btc-usd-spot,2022-03-07T05:12:46.577006000Z,292410718,0.00126125,37875.62,2022-03-07T05:12:46.679667000Z,buy
coinbase-btc-usd-spot,2022-03-07T05:12:47.237086000Z,292410719,0.00204601,37877.01,2022-03-07T05:12:47.430294000Z,buy
coinbase-btc-usd-spot,2022-03-07T05:12:47.862312000Z,292410720,0.002642,37872.66,2022-03-07T05:12:47.965130000Z,sell
coinbase-btc-usd-spot,2022-03-07T05:12:48.984893000Z,292410721,0.00254865,37879.86,2022-03-07T05:12:49.180874000Z,buy
coinbase-btc-usd-spot,2022-03-07T05:12:49.421276000Z,292410722,0.00035488,37881.84,2022-03-07T05:12:49.540384000Z,buy
coinbase-btc-usd-spot,2022-03-07T05:12:49.443848000Z,292410723,0.00148278,37883.96,2022-03-07T05:12:49.540384000Z,buy
coinbase-btc-usd-spot,2022-03-07T05:12:52.523388000Z,292410724,0.00071364,37886.79,2022-03-07T05:12:52.684882000Z,buy
coinbase-btc-usd-spot,2022-03-07T05:12:53.362865000Z,292410725,0.01262876,37886.86,2022-03-07T05:12:53.474659000Z,buy
coinbase-btc-usd-spot,2022-03-07T05:12:53.615823000Z,292410726,0.01942975,37884.16,2022-03-07T05:12:53.724870000Z,sell
coinbase-btc-usd-spot,2022-03-07T05:12:53.704896000Z,292410727,0.00039954,37887.62,2022-03-07T05:12:53.792419000Z,buy
coinbase-btc-usd-spot,2022-03-07T05:12:54.766634000Z,292410728,0.0051235,37888.05,2022-03-07T05:12:54.935864000Z,buy
coinbase-btc-usd-spot,2022-03-07T05:12:55.829229000Z,292410729,0.00126109,37888.87,2022-03-07T05:12:55.936209000Z,buy
coinbase-btc-usd-spot,2022-03-07T05:12:56.332811000Z,292410730,0.21122383,37889.66,2022-03-07T05:12:56.436862000Z,buy
coinbase-btc-usd-spot,2022-03-07T05:12:57.887818000Z,292410731,0.00061748,37893.43,2022-03-07T05:12:57.982774000Z,buy
coinbase-btc-usd-spot,2022-03-07T05:12:58.445923000Z,292410732,0.00505155,37893.43,2022-03-07T05:12:58.544683000Z,buy
coinbase-btc-usd-spot,2022-03-07T05:12:58.679228000Z,292410733,0.00283712,37893.43,2022-03-07T05:12:58.795112000Z,buy
coinbase-btc-usd-spot,2022-03-07T05:12:59.699999000Z,292410734,0.00394008,37893.43,2022-03-07T05:12:59.795184000Z,buy
coinbase-btc-usd-spot,2022-03-07T05:13:00.024998000Z,292410735,0.11074864,37893.43,2022-03-07T05:13:00.188725000Z,buy
coinbase-btc-usd-spot,2022-03-07T05:13:00.320888000Z,292410736,0.00092664,37893.43,2022-03-07T05:13:00.437770000Z,buy
coinbase-btc-usd-spot,2022-03-07T05:13:01.852007000Z,292410737,0.00735502,37893.43,2022-03-07T05:13:01.939517000Z,buy
coinbase-btc-usd-spot,2022-03-07T05:13:04.200841000Z,292410738,0.05175862,37893.43,2022-03-07T05:13:04.297028000Z,buy
coinbase-btc-usd-spot,2022-03-07T05:13:05.985648000Z,292410739,0.00776295,37894.69,2022-03-07T05:13:06.053422000Z,buy
coinbase-btc-usd-spot,2022-03-07T05:13:06.169633000Z,292410740,0.01164416,37894.69,2022-03-07T05:13:06.240115000Z,buy
coinbase-btc-usd-spot,2022-03-07T05:13:06.673725000Z,292410741,0.01859289,37894.69,2022-03-07T05:13:06.740663000Z,buy
coinbase-btc-usd-spot,2022-03-07T05:13:06.673725000Z,292410742,0.16265029,37894.76,2022-03-07T05:13:06.740663000Z,buy
coinbase-btc-usd-spot,2022-03-07T05:13:06.673725000Z,292410743,0.31680249,37895.17,2022-03-07T05:13:06.740663000Z,buy
coinbase-btc-usd-spot,2022-03-07T05:13:06.673725000Z,292410744,0.187215,37895.44,2022-03-07T05:13:06.740663000Z,buy
coinbase-btc-usd-spot,2022-03-07T05:13:06.673725000Z,292410745,0.07278016,37897.48,2022-03-07T05:13:06.740663000Z,buy
coinbase-btc-usd-spot,2022-03-07T05:13:06.673725000Z,292410746,0.14789075,37897.51,2022-03-07T05:13:06.740663000Z,buy
coinbase-btc-usd-spot,2022-03-07T05:13:06.762536000Z,292410747,0.0008669,37897.41,2022-03-07T05:13:06.941568000Z,buy
coinbase-btc-usd-spot,2022-03-07T05:13:07.354761000Z,292410748,0.00023204,37897.51,2022-03-07T05:13:07.441753000Z,buy
coinbase-btc-usd-spot,2022-03-07T05:13:10.447589000Z,292410749,0.00021124,37897.5,2022-03-07T05:13:10.550123000Z,buy
coinbase-btc-usd-spot,2022-03-07T05:13:10.447589000Z,292410750,0.00370173,37897.51,2022-03-07T05:13:10.550123000Z,buy
coinbase-btc-usd-spot,2022-03-07T05:13:11.399970000Z,292410751,0.00023426,37897.51,2022-03-07T05:13:11.494631000Z,buy
coinbase-btc-usd-spot,2022-03-07T05:13:11.654113000Z,292410752,0.00647473,37897.51,2022-03-07T05:13:11.744675000Z,buy
coinbase-btc-usd-spot,2022-03-07T05:13:11.900897000Z,292410753,0.015232,37897.5,2022-03-07T05:13:11.995439000Z,sell
coinbase-btc-usd-spot,2022-03-07T05:13:11.987779000Z,292410754,0.00530474,37897.05,2022-03-07T05:13:12.056638000Z,sell
coinbase-btc-usd-spot,2022-03-07T05:13:12.494186000Z,292410755,0.00023672,37897.46,2022-03-07T05:13:12.556861000Z,buy
coinbase-btc-usd-spot,2022-03-07T05:13:13.510187000Z,292410756,0.00023672,37897.14,2022-03-07T05:13:13.695608000Z,buy
coinbase-btc-usd-spot,2022-03-07T05:13:14.143434000Z,292410757,0.00035476,37897.14,2022-03-07T05:13:14.248754000Z,buy
coinbase-btc-usd-spot,2022-03-07T05:13:14.653203000Z,292410758,0.00126067,37897.14,2022-03-07T05:13:14.748540000Z,buy
coinbase-btc-usd-spot,2022-03-07T05:13:15.571461000Z,292410759,0.00637,37895.84,2022-03-07T05:13:15.696590000Z,sell
coinbase-btc-usd-spot,2022-03-07T05:13:15.670597000Z,292410760,0.00521463,37896.13,2022-03-07T05:13:15.750596000Z,buy
coinbase-btc-usd-spot,2022-03-07T05:13:17.181774000Z,292410761,0.00362263,37897.49,2022-03-07T05:13:17.254178000Z,buy
coinbase-btc-usd-spot,2022-03-07T05:13:17.181774000Z,292410762,0.02835724,37897.51,2022-03-07T05:13:17.254178000Z,buy
coinbase-btc-usd-spot,2022-03-07T05:13:17.181774000Z,292410763,0.03278271,37898.74,2022-03-07T05:13:17.254178000Z,buy
coinbase-btc-usd-spot,2022-03-07T05:13:17.806585000Z,292410764,0.00023672,37899.27,2022-03-07T05:13:17.948004000Z,buy
coinbase-btc-usd-spot,2022-03-07T05:13:17.953951000Z,292410765,0.00067618,37899.27,2022-03-07T05:13:18.053466000Z,buy
coinbase-btc-usd-spot,2022-03-07T05:13:18.240805000Z,292410766,0.00007005,37899.3,2022-03-07T05:13:18.311574000Z,buy
coinbase-btc-usd-spot,2022-03-07T05:13:18.786825000Z,292410767,0.003232,37896.01,2022-03-07T05:13:18.948221000Z,sell
coinbase-btc-usd-spot,2022-03-07T05:13:19.475918000Z,292410768,0.00023672,37899,2022-03-07T05:13:19.554337000Z,buy
coinbase-btc-usd-spot,2022-03-07T05:13:20.192426000Z,292410769,0.00045083,37896.1,2022-03-07T05:13:20.256896000Z,sell
coinbase-btc-usd-spot,2022-03-07T05:13:20.515291000Z,292410770,0.01641314,37899.3,2022-03-07T05:13:20.699155000Z,buy
coinbase-btc-usd-spot,2022-03-07T05:13:20.570011000Z,292410771,0.02258686,37899.3,2022-03-07T05:13:20.699155000Z,buy
coinbase-btc-usd-spot,2022-03-07T05:13:20.776566000Z,292410772,0.00010282,37900.11,2022-03-07T05:13:20.949160000Z,buy
coinbase-btc-usd-spot,2022-03-07T05:13:20.776566000Z,292410773,0.039,37900.11,2022-03-07T05:13:20.949160000Z,buy
coinbase-btc-usd-spot,2022-03-07T05:13:21.567727000Z,292410774,0.00048605,37903.57,2022-03-07T05:13:21.699578000Z,buy
coinbase-btc-usd-spot,2022-03-07T05:13:21.606715000Z,292410775,0.00023672,37903.57,2022-03-07T05:13:21.699578000Z,buy
coinbase-btc-usd-spot,2022-03-07T05:13:22.211162000Z,292410776,0.00802284,37903.57,2022-03-07T05:13:22.305766000Z,buy
coinbase-btc-usd-spot,2022-03-07T05:13:22.211162000Z,292410777,0.00065479,37903.57,2022-03-07T05:13:22.305766000Z,buy
coinbase-btc-usd-spot,2022-03-07T05:13:22.211162000Z,292410778,0.00112848,37903.57,2022-03-07T05:13:22.305766000Z,buy
coinbase-btc-usd-spot,2022-03-07T05:13:22.343901000Z,292410779,0.01821176,37903.92,2022-03-07T05:13:22.455359000Z,buy
coinbase-btc-usd-spot,2022-03-07T05:13:24.418387000Z,292410780,0.00126064,37907.62,2022-03-07T05:13:24.514227000Z,buy
coinbase-btc-usd-spot,2022-03-07T05:13:24.827330000Z,292410781,0.00748918,37907.62,2022-03-07T05:13:24.951164000Z,buy
coinbase-btc-usd-spot,2022-03-07T05:13:24.898091000Z,292410782,0.00019009,37907.62,2022-03-07T05:13:25.015306000Z,buy
coinbase-btc-usd-spot,2022-03-07T05:13:24.898091000Z,292410783,0.01243418,37907.66,2022-03-07T05:13:25.015306000Z,buy
coinbase-btc-usd-spot,2022-03-07T05:13:25.361782000Z,292410784,0.00460223,37907.66,2022-03-07T05:13:25.451386000Z,buy
coinbase-btc-usd-spot,2022-03-07T05:13:26.411206000Z,292410785,0.00003168,37907.66,2022-03-07T05:13:26.517374000Z,buy
coinbase-btc-usd-spot,2022-03-07T05:13:26.411206000Z,292410786,0.00029,37907.66,2022-03-07T05:13:26.517374000Z,buy
coinbase-btc-usd-spot,2022-03-07T05:13:26.411206000Z,292410787,0.00043647,37907.67,2022-03-07T05:13:26.517374000Z,buy
coinbase-btc-usd-spot,2022-03-07T05:13:26.477128000Z,292410788,0.01432642,37905.5,2022-03-07T05:13:26.557276000Z,sell
coinbase-btc-usd-spot,2022-03-07T05:13:26.477128000Z,292410789,0.00007358,37905.47,2022-03-07T05:13:26.557276000Z,sell
coinbase-btc-usd-spot,2022-03-07T05:13:26.825948000Z,292410790,0.00106566,37907.1,2022-03-07T05:13:26.952290000Z,buy
coinbase-btc-usd-spot,2022-03-07T05:13:27.455806000Z,292410791,0.00855389,37906.76,2022-03-07T05:13:27.558117000Z,buy
coinbase-btc-usd-spot,2022-03-07T05:13:27.455806000Z,292410792,0.04553923,37907.66,2022-03-07T05:13:27.558117000Z,buy
coinbase-btc-usd-spot,2022-03-07T05:13:27.455806000Z,292410793,0.20065827,37907.67,2022-03-07T05:13:27.558117000Z,buy
coinbase-btc-usd-spot,2022-03-07T05:13:27.455806000Z,292410794,0.20295658,37908.06,2022-03-07T05:13:27.558117000Z,buy
coinbase-btc-usd-spot,2022-03-07T05:13:27.455806000Z,292410795,0.16685707,37909.38,2022-03-07T05:13:27.558117000Z,buy
coinbase-btc-usd-spot,2022-03-07T05:13:27.455806000Z,292410796,0.56,37910.96,2022-03-07T05:13:27.558117000Z,buy
coinbase-btc-usd-spot,2022-03-07T05:13:27.455806000Z,292410797,0.23675309,37911.01,2022-03-07T05:13:27.558117000Z,buy
coinbase-btc-usd-spot,2022-03-07T05:13:27.455806000Z,292410798,1.8271,37911.08,2022-03-07T05:13:27.558117000Z,buy
coinbase-btc-usd-spot,2022-03-07T05:13:27.455806000Z,292410799,0.187158,37911.22,2022-03-07T05:13:27.558117000Z,buy
coinbase-btc-usd-spot,2022-03-07T05:13:27.455806000Z,292410800,0.24178794,37911.51,2022-03-07T05:13:27.558117000Z,buy
coinbase-btc-usd-spot,2022-03-07T05:13:27.455806000Z,292410801,0.24333906,37912.01,2022-03-07T05:13:27.558117000Z,buy
coinbase-btc-usd-spot,2022-03-07T05:13:27.455806000Z,292410802,0.21112143,37912.04,2022-03-07T05:13:27.558117000Z,buy
coinbase-btc-usd-spot,2022-03-07T05:13:27.455806000Z,292410803,0.05,37912.13,2022-03-07T05:13:27.558117000Z,buy
coinbase-btc-usd-spot,2022-03-07T05:13:27.455806000Z,292410804,0.05138903,37912.31,2022-03-07T05:13:27.558117000Z,buy
coinbase-btc-usd-spot,2022-03-07T05:13:27.455806000Z,292410805,0.24439262,37912.51,2022-03-07T05:13:27.558117000Z,buy
coinbase-btc-usd-spot,2022-03-07T05:13:27.455806000Z,292410806,0.98505077,37912.66,2022-03-07T05:13:27.558117000Z,buy
coinbase-btc-usd-spot,2022-03-07T05:13:27.455806000Z,292410807,0.90075977,37913.04,2022-03-07T05:13:27.558117000Z,buy
coinbase-btc-usd-spot,2022-03-07T05:13:27.455806000Z,292410808,0.41851937,37913.05,2022-03-07T05:13:27.558117000Z,buy
coinbase-btc-usd-spot,2022-03-07T05:13:27.455806000Z,292410809,0.02638533,37913.41,2022-03-07T05:13:27.558117000Z,buy
coinbase-btc-usd-spot,2022-03-07T05:13:27.455806000Z,292410810,0.06596953,37913.47,2022-03-07T05:13:27.558117000Z,buy
coinbase-btc-usd-spot,2022-03-07T05:13:27.455806000Z,292410811,0.24059038,37913.53,2022-03-07T05:13:27.558117000Z,buy
coinbase-btc-usd-spot,2022-03-07T05:13:27.455806000Z,292410812,0.24201664,37914.01,2022-03-07T05:13:27.558117000Z,buy
coinbase-btc-usd-spot,2022-03-07T05:13:27.455806000Z,292410813,0.24217476,37914.01,2022-03-07T05:13:27.558117000Z,buy
coinbase-btc-usd-spot,2022-03-07T05:13:27.455806000Z,292410814,0.22676152,37914.26,2022-03-07T05:13:27.558117000Z,buy
coinbase-btc-usd-spot,2022-03-07T05:13:27.455806000Z,292410815,0.31668214,37914.37,2022-03-07T05:13:27.558117000Z,buy
coinbase-btc-usd-spot,2022-03-07T05:13:27.455806000Z,292410816,0.70008671,37914.38,2022-03-07T05:13:27.558117000Z,buy
coinbase-btc-usd-spot,2022-03-07T05:13:27.455806000Z,292410817,0.05912241,37914.39,2022-03-07T05:13:27.558117000Z,buy
coinbase-btc-usd-spot,2022-03-07T05:13:27.502160000Z,292410818,0.01090586,37908.84,2022-03-07T05:13:27.569963000Z,buy
coinbase-btc-usd-spot,2022-03-07T05:13:27.502160000Z,292410819,0.04052492,37909.36,2022-03-07T05:13:27.569963000Z,buy
coinbase-btc-usd-spot,2022-03-07T05:13:27.502160000Z,292410820,0.03256922,37909.56,2022-03-07T05:13:27.569963000Z,buy
coinbase-btc-usd-spot,2022-03-07T05:13:27.527012000Z,292410821,0.084,37908.83,2022-03-07T05:13:27.704266000Z,buy
coinbase-btc-usd-spot,2022-03-07T05:13:27.556671000Z,292410822,0.04441779,37908.82,2022-03-07T05:13:27.704266000Z,sell
coinbase-btc-usd-spot,2022-03-07T05:13:27.556671000Z,292410823,0.00208012,37908.82,2022-03-07T05:13:27.704266000Z,sell
coinbase-btc-usd-spot,2022-03-07T05:13:27.694041000Z,292410824,0.05,37910.59,2022-03-07T05:13:27.773960000Z,buy
coinbase-btc-usd-spot,2022-03-07T05:13:28.818860000Z,292410825,0.00009343,37916.14,2022-03-07T05:13:28.955556000Z,buy
coinbase-btc-usd-spot,2022-03-07T05:13:30.021728000Z,292410826,0.00213,37910.13,2022-03-07T05:13:30.207052000Z,sell
coinbase-btc-usd-spot,2022-03-07T05:13:30.033580000Z,292410827,0.00000991,37910.13,2022-03-07T05:13:30.207052000Z,sell
coinbase-btc-usd-spot,2022-03-07T05:13:30.033580000Z,292410828,0.00213991,37910.11,2022-03-07T05:13:30.207052000Z,sell
coinbase-btc-usd-spot,2022-03-07T05:13:30.053871000Z,292410829,0.00213991,37908.88,2022-03-07T05:13:30.207052000Z,sell
coinbase-btc-usd-spot,2022-03-07T05:13:30.053871000Z,292410830,0.00213991,37908.86,2022-03-07T05:13:30.207052000Z,sell
coinbase-btc-usd-spot,2022-03-07T05:13:30.053871000Z,292410831,0.20681576,37908.57,2022-03-07T05:13:30.207052000Z,sell
coinbase-btc-usd-spot,2022-03-07T05:13:30.063303000Z,292410832,0.22861759,37908.01,2022-03-07T05:13:30.207052000Z,sell
coinbase-btc-usd-spot,2022-03-07T05:13:30.092658000Z,292410833,0.00213,37908.88,2022-03-07T05:13:30.207052000Z,sell
coinbase-btc-usd-spot,2022-03-07T05:13:30.102895000Z,292410834,0.21109,37908.88,2022-03-07T05:13:30.207052000Z,sell
coinbase-btc-usd-spot,2022-03-07T05:13:30.114698000Z,292410835,0.05,37908.88,2022-03-07T05:13:30.207052000Z,sell
coinbase-btc-usd-spot,2022-03-07T05:13:30.123704000Z,292410836,0.17861,37908.88,2022-03-07T05:13:30.207052000Z,sell
coinbase-btc-usd-spot,2022-03-07T05:13:30.123832000Z,292410837,0.22861759,37908.34,2022-03-07T05:13:30.207052000Z,sell
coinbase-btc-usd-spot,2022-03-07T05:13:30.123909000Z,292410838,0.08804433,37908.34,2022-03-07T05:13:30.207052000Z,sell
coinbase-btc-usd-spot,2022-03-07T05:13:30.586576000Z,292410839,0.001,37906.53,2022-03-07T05:13:30.708231000Z,sell
coinbase-btc-usd-spot,2022-03-07T05:13:30.586576000Z,292410840,0.0233445,37906.53,2022-03-07T05:13:30.708231000Z,sell
coinbase-btc-usd-spot,2022-03-07T05:13:30.586576000Z,292410841,0.001,37906.52,2022-03-07T05:13:30.708231000Z,sell
coinbase-btc-usd-spot,2022-03-07T05:13:30.586576000Z,292410842,0.2110941,37904.91,2022-03-07T05:13:30.708231000Z,sell
coinbase-btc-usd-spot,2022-03-07T05:13:30.586576000Z,292410843,0.31666192,37903.54,2022-03-07T05:13:30.708231000Z,sell
coinbase-btc-usd-spot,2022-03-07T05:13:30.628676000Z,292410844,0.00069004,37904.19,2022-03-07T05:13:30.708231000Z,sell
coinbase-btc-usd-spot,2022-03-07T05:13:30.628676000Z,292410845,0.00398249,37903.33,2022-03-07T05:13:30.708231000Z,sell
coinbase-btc-usd-spot,2022-03-07T05:13:30.714651000Z,292410846,0.00993419,37904.24,2022-03-07T05:13:30.811100000Z,buy
coinbase-btc-usd-spot,2022-03-07T05:13:30.898903000Z,292410847,0.00145609,37898.74,2022-03-07T05:13:31.035560000Z,sell
coinbase-btc-usd-spot,2022-03-07T05:13:30.898903000Z,292410848,0.001,37898.73,2022-03-07T05:13:31.035560000Z,sell
coinbase-btc-usd-spot,2022-03-07T05:13:30.988128000Z,292410849,0.00786886,37900.03,2022-03-07T05:13:31.061465000Z,buy
coinbase-btc-usd-spot,2022-03-07T05:13:31.462343000Z,292410850,0.00397372,37900.12,2022-03-07T05:13:31.535985000Z,buy
coinbase-btc-usd-spot,2022-03-07T05:13:31.658327000Z,292410851,0.00126054,37900.67,2022-03-07T05:13:31.786140000Z,buy
coinbase-btc-usd-spot,2022-03-07T05:13:31.801457000Z,292410852,0.057952,37900.29,2022-03-07T05:13:31.958124000Z,buy
coinbase-btc-usd-spot,2022-03-07T05:13:31.801457000Z,292410853,0.00294982,37900.55,2022-03-07T05:13:31.958124000Z,buy
coinbase-btc-usd-spot,2022-03-07T05:13:31.801457000Z,292410854,0.00294982,37900.65,2022-03-07T05:13:31.958124000Z,buy
coinbase-btc-usd-spot,2022-03-07T05:13:31.801457000Z,292410855,0.00332798,37900.66,2022-03-07T05:13:31.958124000Z,buy
coinbase-btc-usd-spot,2022-03-07T05:13:31.801457000Z,292410856,0.00206744,37900.67,2022-03-07T05:13:31.958124000Z,buy
coinbase-btc-usd-spot,2022-03-07T05:13:31.801457000Z,292410857,0.02639465,37900.68,2022-03-07T05:13:31.958124000Z,buy
coinbase-btc-usd-spot,2022-03-07T05:13:31.801457000Z,292410858,0.03549289,37903.82,2022-03-07T05:13:31.958124000Z,buy
coinbase-btc-usd-spot,2022-03-07T05:13:32.524663000Z,292410859,0.00775804,37900.68,2022-03-07T05:13:32.708777000Z,buy
coinbase-btc-usd-spot,2022-03-07T05:13:33.324771000Z,292410860,0.00061724,37900.66,2022-03-07T05:13:33.458830000Z,buy
coinbase-btc-usd-spot,2022-03-07T05:13:36.297997000Z,292410861,0.00027593,37904.55,2022-03-07T05:13:36.460557000Z,buy
coinbase-btc-usd-spot,2022-03-07T05:13:36.774950000Z,292410862,0.00034953,37904.55,2022-03-07T05:13:36.961467000Z,buy
coinbase-btc-usd-spot,2022-03-07T05:13:37.413461000Z,292410863,0.00037454,37904.55,2022-03-07T05:13:37.564855000Z,buy
coinbase-btc-usd-spot,2022-03-07T05:13:37.413461000Z,292410864,0.0062207,37904.56,2022-03-07T05:13:37.564855000Z,buy
coinbase-btc-usd-spot,2022-03-07T05:13:38.083535000Z,292410865,0.00073522,37904.56,2022-03-07T05:13:38.213736000Z,buy
coinbase-btc-usd-spot,2022-03-07T05:13:38.531940000Z,292410866,0.000204,37904.55,2022-03-07T05:13:38.712455000Z,sell
coinbase-btc-usd-spot,2022-03-07T05:13:38.944938000Z,292410867,0.00385885,37904.56,2022-03-07T05:13:39.065618000Z,buy
coinbase-btc-usd-spot,2022-03-07T05:13:38.963356000Z,292410868,0.02718523,37904.56,2022-03-07T05:13:39.065618000Z,buy
coinbase-btc-usd-spot,2022-03-07T05:13:39.013344000Z,292410869,0.001,37907.18,2022-03-07T05:13:39.077280000Z,buy
coinbase-btc-usd-spot,2022-03-07T05:13:39.013344000Z,292410870,0.00026017,37907.19,2022-03-07T05:13:39.077280000Z,buy
coinbase-btc-usd-spot,2022-03-07T05:13:39.327078000Z,292410871,0.029586,37907.19,2022-03-07T05:13:39.463149000Z,sell
coinbase-btc-usd-spot,2022-03-07T05:13:39.784364000Z,292410872,0.00368084,37907.19,2022-03-07T05:13:39.963144000Z,sell
coinbase-btc-usd-spot,2022-03-07T05:13:39.784364000Z,292410873,0.00028662,37907.19,2022-03-07T05:13:39.963144000Z,sell
coinbase-btc-usd-spot,2022-03-07T05:13:40.835943000Z,292410874,0.001,37907.2,2022-03-07T05:13:40.963952000Z,buy
coinbase-btc-usd-spot,2022-03-07T05:13:41.506584000Z,292410875,0.00023656,37908.13,2022-03-07T05:13:41.578732000Z,buy
coinbase-btc-usd-spot,2022-03-07T05:13:41.928135000Z,292410876,0.00086531,37908.96,2022-03-07T05:13:42.067455000Z,buy
coinbase-btc-usd-spot,2022-03-07T05:13:42.181483000Z,292410877,0.0000312,37908.98,2022-03-07T05:13:42.317234000Z,buy
coinbase-btc-usd-spot,2022-03-07T05:13:43.298870000Z,292410878,0.00252407,37909.04,2022-03-07T05:13:43.464783000Z,buy
coinbase-btc-usd-spot,2022-03-07T05:13:43.460662000Z,292410879,0.01939748,37909.09,2022-03-07T05:13:43.567876000Z,buy
coinbase-btc-usd-spot,2022-03-07T05:13:43.793465000Z,292410880,0.00073536,37909.39,2022-03-07T05:13:43.965118000Z,buy
coinbase-btc-usd-spot,2022-03-07T05:13:44.476052000Z,292410881,0.0000547,37908.17,2022-03-07T05:13:44.568566000Z,sell
coinbase-btc-usd-spot,2022-03-07T05:13:44.690512000Z,292410882,0.00007825,37909.39,2022-03-07T05:13:44.818210000Z,buy
coinbase-btc-usd-spot,2022-03-07T05:13:45.445548000Z,292410883,0.000264,37908.17,2022-03-07T05:13:45.568549000Z,sell
coinbase-btc-usd-spot,2022-03-07T05:13:45.676886000Z,292410884,0.000328,37908.21,2022-03-07T05:13:45.818529000Z,sell
coinbase-btc-usd-spot,2022-03-07T05:13:46.245039000Z,292410885,0.00048595,37909.46,2022-03-07T05:13:46.331996000Z,buy
coinbase-btc-usd-spot,2022-03-07T05:13:47.156854000Z,292410886,0.00048108,37909.83,2022-03-07T05:13:47.319378000Z,buy
coinbase-btc-usd-spot,2022-03-07T05:13:48.218338000Z,292410887,0.01293316,37914.27,2022-03-07T05:13:48.319870000Z,buy
coinbase-btc-usd-spot,2022-03-07T05:13:49.457497000Z,292410888,0.001474,37913.88,2022-03-07T05:13:49.571078000Z,sell
coinbase-btc-usd-spot,2022-03-07T05:13:49.530648000Z,292410889,0.02798,37915.81,2022-03-07T05:13:49.719424000Z,sell
coinbase-btc-usd-spot,2022-03-07T05:13:49.530648000Z,292410890,0.00118064,37915.81,2022-03-07T05:13:49.719424000Z,sell
coinbase-btc-usd-spot,2022-03-07T05:13:49.530648000Z,292410891,0.00033841,37914.45,2022-03-07T05:13:49.719424000Z,sell
coinbase-btc-usd-spot,2022-03-07T05:13:49.977944000Z,292410892,0.00042196,37916.46,2022-03-07T05:13:50.071137000Z,buy
coinbase-btc-usd-spot,2022-03-07T05:13:50.200965000Z,292410893,0.00117356,37916.46,2022-03-07T05:13:50.321109000Z,buy
coinbase-btc-usd-spot,2022-03-07T05:13:51.111471000Z,292410894,0.00814715,37918.22,2022-03-07T05:13:51.220161000Z,buy
coinbase-btc-usd-spot,2022-03-07T05:13:51.190741000Z,292410895,0.001,37918.13,2022-03-07T05:13:51.322433000Z,buy
coinbase-btc-usd-spot,2022-03-07T05:13:51.190741000Z,292410896,0.21106606,37918.5,2022-03-07T05:13:51.322433000Z,buy
coinbase-btc-usd-spot,2022-03-07T05:13:51.190741000Z,292410897,0.039,37918.5,2022-03-07T05:13:51.322433000Z,buy
coinbase-btc-usd-spot,2022-03-07T05:13:52.411643000Z,292410898,0.000528,37917.91,2022-03-07T05:13:52.572229000Z,sell
coinbase-btc-usd-spot,2022-03-07T05:13:52.715785000Z,292410899,0.00141771,37919.35,2022-03-07T05:13:52.822529000Z,buy
coinbase-btc-usd-spot,2022-03-07T05:13:53.292484000Z,292410900,0.00041111,37917.98,2022-03-07T05:13:53.471207000Z,sell
coinbase-btc-usd-spot,2022-03-07T05:13:53.546067000Z,292410901,0.00251697,37917.99,2022-03-07T05:13:53.721961000Z,sell
coinbase-btc-usd-spot,2022-03-07T05:13:53.546067000Z,292410902,0.00132011,37917.98,2022-03-07T05:13:53.721961000Z,sell
coinbase-btc-usd-spot,2022-03-07T05:13:53.546067000Z,292410903,0.01491531,37917.95,2022-03-07T05:13:53.721961000Z,sell
coinbase-btc-usd-spot,2022-03-07T05:13:53.713071000Z,292410904,0.00007005,37918.01,2022-03-07T05:13:53.823233000Z,sell
coinbase-btc-usd-spot,2022-03-07T05:13:53.998353000Z,292410905,0.00031477,37918.03,2022-03-07T05:13:54.085899000Z,sell
coinbase-btc-usd-spot,2022-03-07T05:13:54.411099000Z,292410906,0.000611,37918.89,2022-03-07T05:13:54.573426000Z,buy
coinbase-btc-usd-spot,2022-03-07T05:13:55.065365000Z,292410907,0.00002589,37918.54,2022-03-07T05:13:55.222424000Z,buy
coinbase-btc-usd-spot,2022-03-07T05:13:55.222528000Z,292410908,0.00116258,37918.52,2022-03-07T05:13:55.323438000Z,buy
coinbase-btc-usd-spot,2022-03-07T05:13:55.222528000Z,292410909,0.0246998,37920.43,2022-03-07T05:13:55.323438000Z,buy
coinbase-btc-usd-spot,2022-03-07T05:13:55.443340000Z,292410910,0.00467137,37920.4,2022-03-07T05:13:55.573715000Z,buy
coinbase-btc-usd-spot,2022-03-07T05:13:55.443340000Z,292410911,0.00845248,37920.43,2022-03-07T05:13:55.573715000Z,buy
coinbase-btc-usd-spot,2022-03-07T05:13:55.735626000Z,292410912,0.00165755,37920.43,2022-03-07T05:13:55.823647000Z,buy
coinbase-btc-usd-spot,2022-03-07T05:13:55.735626000Z,292410913,0.00095477,37920.44,2022-03-07T05:13:55.823647000Z,buy
coinbase-btc-usd-spot,2022-03-07T05:13:55.902634000Z,292410914,0.00007808,37920.43,2022-03-07T05:13:56.073716000Z,buy
coinbase-btc-usd-spot,2022-03-07T05:13:56.068131000Z,292410915,0.00129971,37920.43,2022-03-07T05:13:56.223127000Z,buy
coinbase-btc-usd-spot,2022-03-07T05:13:56.200328000Z,292410916,0.00367722,37920.43,2022-03-07T05:13:56.324806000Z,buy
coinbase-btc-usd-spot,2022-03-07T05:13:56.200328000Z,292410917,0.00025907,37920.44,2022-03-07T05:13:56.324806000Z,buy
coinbase-btc-usd-spot,2022-03-07T05:13:56.628377000Z,292410918,0.00010523,37920.05,2022-03-07T05:13:56.723244000Z,buy
coinbase-btc-usd-spot,2022-03-07T05:13:56.756414000Z,292410919,0.00013161,37919.2,2022-03-07T05:13:56.824338000Z,buy
coinbase-btc-usd-spot,2022-03-07T05:13:57.276274000Z,292410920,0.001,37917.12,2022-03-07T05:13:57.473449000Z,buy
coinbase-btc-usd-spot,2022-03-07T05:13:57.276274000Z,292410921,0.00152398,37918.8,2022-03-07T05:13:57.473449000Z,buy
coinbase-btc-usd-spot,2022-03-07T05:13:58.789642000Z,292410922,0.0013121,37918.89,2022-03-07T05:13:58.974176000Z,buy
coinbase-btc-usd-spot,2022-03-07T05:13:58.794170000Z,292410923,0.00035446,37918.89,2022-03-07T05:13:58.974176000Z,buy
coinbase-btc-usd-spot,2022-03-07T05:13:59.199084000Z,292410924,0.00035446,37918.31,2022-03-07T05:13:59.326079000Z,buy
coinbase-btc-usd-spot,2022-03-07T05:13:59.832966000Z,292410925,0.00023631,37919.66,2022-03-07T05:13:59.974637000Z,buy
coinbase-btc-usd-spot,2022-03-07T05:14:01.230994000Z,292410926,0.001,37919.55,2022-03-07T05:14:01.326597000Z,buy
coinbase-btc-usd-spot,2022-03-07T05:14:01.230994000Z,292410927,0.00014,37919.56,2022-03-07T05:14:01.326597000Z,buy
coinbase-btc-usd-spot,2022-03-07T05:14:01.230994000Z,292410928,0.00517021,37919.97,2022-03-07T05:14:01.326597000Z,buy
coinbase-btc-usd-spot,2022-03-07T05:14:02.003894000Z,292410929,0.00061685,37919.97,2022-03-07T05:14:02.078260000Z,buy
coinbase-btc-usd-spot,2022-03-07T05:14:02.378943000Z,292410930,0.00189657,37916.75,2022-03-07T05:14:02.475995000Z,sell
coinbase-btc-usd-spot,2022-03-07T05:14:02.378943000Z,292410931,0.00174086,37916.74,2022-03-07T05:14:02.475995000Z,sell
coinbase-btc-usd-spot,2022-03-07T05:14:02.378943000Z,292410932,0.00045565,37916.73,2022-03-07T05:14:02.475995000Z,sell
coinbase-btc-usd-spot,2022-03-07T05:14:02.805877000Z,292410933,0.00023657,37919.97,2022-03-07T05:14:02.976312000Z,buy
coinbase-btc-usd-spot,2022-03-07T05:14:04.932283000Z,292410934,0.0028616,37919.21,2022-03-07T05:14:05.078161000Z,sell
coinbase-btc-usd-spot,2022-03-07T05:14:05.398756000Z,292410935,0.00023657,37920.44,2022-03-07T05:14:05.477666000Z,buy
coinbase-btc-usd-spot,2022-03-07T05:14:05.528030000Z,292410936,0.00010523,37920.44,2022-03-07T05:14:05.593201000Z,buy
coinbase-btc-usd-spot,2022-03-07T05:14:06.139654000Z,292410937,0.00504694,37920.44,2022-03-07T05:14:06.228154000Z,buy
coinbase-btc-usd-spot,2022-03-07T05:14:06.155144000Z,292410938,0.00149806,37920.44,2022-03-07T05:14:06.228154000Z,buy
coinbase-btc-usd-spot,2022-03-07T05:14:06.553737000Z,292410939,0.0015904,37919.29,2022-03-07T05:14:06.728438000Z,sell
coinbase-btc-usd-spot,2022-03-07T05:14:07.277479000Z,292410940,0.00183213,37920.44,2022-03-07T05:14:07.344564000Z,buy
coinbase-btc-usd-spot,2022-03-07T05:14:07.431676000Z,292410941,0.00017545,37920.44,2022-03-07T05:14:07.579604000Z,buy
coinbase-btc-usd-spot,2022-03-07T05:14:08.122970000Z,292410942,0.00178729,37920.43,2022-03-07T05:14:08.229052000Z,buy
coinbase-btc-usd-spot,2022-03-07T05:14:08.761868000Z,292410943,0.00023643,37920.44,2022-03-07T05:14:08.830780000Z,buy
coinbase-btc-usd-spot,2022-03-07T05:14:10.816897000Z,292410944,0.00060164,37920.44,2022-03-07T05:14:10.981018000Z,buy
coinbase-btc-usd-spot,2022-03-07T05:14:11.434906000Z,292410945,0.001,37920.43,2022-03-07T05:14:11.581308000Z,buy
coinbase-btc-usd-spot,2022-03-07T05:14:11.434906000Z,292410946,0.00424999,37920.44,2022-03-07T05:14:11.581308000Z,buy
coinbase-btc-usd-spot,2022-03-07T05:14:11.884542000Z,292410947,0.00132759,37919.19,2022-03-07T05:14:11.981891000Z,sell
coinbase-btc-usd-spot,2022-03-07T05:14:11.884542000Z,292410948,0.00138191,37919.18,2022-03-07T05:14:11.981891000Z,sell
coinbase-btc-usd-spot,2022-03-07T05:14:11.884542000Z,292410949,0.02773098,37919.02,2022-03-07T05:14:11.981891000Z,sell
coinbase-btc-usd-spot,2022-03-07T05:14:12.014922000Z,292410950,0.00023643,37919.92,2022-03-07T05:14:12.081988000Z,buy
coinbase-btc-usd-spot,2022-03-07T05:14:12.050943000Z,292410951,0.001,37919.04,2022-03-07T05:14:12.232113000Z,sell
coinbase-btc-usd-spot,2022-03-07T05:14:12.050943000Z,292410952,0.00138191,37916.4,2022-03-07T05:14:12.232113000Z,sell
coinbase-btc-usd-spot,2022-03-07T05:14:12.050943000Z,292410953,0.001,37916.34,2022-03-07T05:14:12.232113000Z,sell
coinbase-btc-usd-spot,2022-03-07T05:14:12.060592000Z,292410954,0.2110368,37915.63,2022-03-07T05:14:12.232113000Z,sell
coinbase-btc-usd-spot,2022-03-07T05:14:13.962574000Z,292410955,0.00019512,37918.96,2022-03-07T05:14:14.084394000Z,sell
coinbase-btc-usd-spot,2022-03-07T05:14:14.303082000Z,292410956,0.00035452,37920.44,2022-03-07T05:14:14.483235000Z,buy
coinbase-btc-usd-spot,2022-03-07T05:14:15.674204000Z,292410957,0.0234492,37920.44,2022-03-07T05:14:15.835363000Z,buy
coinbase-btc-usd-spot,2022-03-07T05:14:15.674204000Z,292410958,0.00024,37920.44,2022-03-07T05:14:15.835363000Z,buy
coinbase-btc-usd-spot,2022-03-07T05:14:15.736998000Z,292410959,0.00210577,37920.68,2022-03-07T05:14:15.835363000Z,buy
coinbase-btc-usd-spot,2022-03-07T05:14:15.736998000Z,292410960,0.002,37920.69,2022-03-07T05:14:15.835363000Z,buy
coinbase-btc-usd-spot,2022-03-07T05:14:15.862186000Z,292410961,0.00147404,37924.08,2022-03-07T05:14:15.985003000Z,buy
